Problem Name, Correct, Problem Type, Correct Answer, Prediction 1, Prediction 2, Prediction 3
18419cfa,True,ms_d_18419cfa,"[[0, 0, 0, 0, 0, 0, 0, 0, 0, 0, 0, 0, 0, 0, 0, 0, 0, 0, 0, 0, 0, 0, 0, 0, 0, 0], [0, 0, 0, 0, 0, 0, 0, 0, 0, 0, 0, 0, 0, 0, 0, 0, 0, 0, 0, 0, 8, 8, 8, 0, 0, 0], [0, 0, 0, 0, 0, 0, 0, 0, 0, 0, 0, 0, 0, 0, 0, 0, 0, 8, 8, 8, 8, 0, 8, 8, 8, 8], [0, 0, 0, 8, 8, 8, 8, 8, 8, 8, 8, 8, 0, 0, 0, 0, 0, 8, 0, 0, 0, 0, 0, 0, 0, 8], [0, 0, 0, 8, 0, 0, 0, 0, 0, 0, 0, 8, 0, 0, 0, 0, 0, 8, 0, 2, 0, 0, 0, 2, 0, 8], [0, 0, 8, 8, 0, 0, 2, 0, 2, 0, 0, 8, 8, 0, 0, 0, 0, 8, 0, 0, 2, 2, 2, 0, 0, 8], [0, 0, 8, 0, 0, 2, 2, 0, 2, 2, 0, 0, 8, 0, 0, 0, 0, 8, 0, 0, 0, 2, 0, 0, 0, 8], [0, 0, 8, 8, 0, 0, 2, 0, 2, 0, 0, 8, 8, 0, 0, 0, 0, 8, 0, 0, 0, 2, 0, 0, 0, 8], [0, 0, 0, 8, 0, 0, 0, 0, 0, 0, 0, 8, 0, 0, 0, 0, 0, 8, 0, 0, 2, 2, 2, 0, 0, 8], [0, 0, 0, 8, 8, 8, 8, 8, 8, 8, 8, 8, 0, 0, 0, 0, 0, 8, 0, 2, 0, 0, 0, 2, 0, 8], [0, 0, 0, 0, 0, 0, 0, 0, 0, 0, 0, 0, 0, 0, 0, 0, 0, 8, 0, 0, 0, 0, 0, 0, 0, 8], [0, 0, 0, 0, 0, 0, 0, 0, 0, 0, 0, 0, 0, 0, 0, 0, 0, 8, 8, 8, 8, 0, 8, 8, 8, 8], [0, 0, 0, 0, 0, 0, 0, 0, 0, 0, 0, 0, 0, 0, 0, 0, 0, 0, 0, 0, 8, 8, 8, 0, 0, 0], [0, 0, 0, 0, 0, 0, 0, 0, 0, 0, 0, 0, 0, 0, 0, 0, 0, 0, 0, 0, 0, 0, 0, 0, 0, 0], [0, 0, 0, 0, 0, 0, 0, 0, 0, 0, 8, 8, 8, 0, 0, 0, 0, 0, 0, 0, 0, 0, 0, 0, 0, 0], [0, 0, 0, 0, 0, 0, 8, 8, 8, 8, 8, 0, 8, 8, 8, 8, 8, 0, 0, 0, 0, 0, 0, 0, 0, 0], [0, 0, 0, 0, 0, 0, 8, 0, 0, 0, 0, 0, 0, 0, 0, 0, 8, 0, 0, 0, 0, 0, 0, 0, 0, 0], [0, 0, 0, 0, 0, 0, 8, 0, 0, 2, 0, 0, 0, 2, 0, 0, 8, 0, 0, 0, 0, 0, 0, 0, 0, 0], [0, 0, 0, 0, 0, 0, 8, 0, 0, 0, 2, 2, 2, 0, 0, 0, 8, 0, 0, 0, 0, 0, 0, 0, 0, 0], [0, 0, 0, 0, 0, 0, 8, 0, 0, 2, 0, 0, 0, 2, 0, 0, 8, 0, 0, 0, 0, 0, 0, 0, 0, 0], [0, 0, 0, 0, 0, 0, 8, 0, 0, 2, 0, 0, 0, 2, 0, 0, 8, 0, 0, 0, 0, 0, 0, 0, 0, 0], [0, 0, 0, 0, 0, 0, 8, 0, 0, 0, 2, 2, 2, 0, 0, 0, 8, 0, 0, 0, 0, 0, 0, 0, 0, 0], [0, 0, 0, 0, 0, 0, 8, 0, 0, 2, 0, 0, 0, 2, 0, 0, 8, 0, 0, 0, 0, 0, 0, 0, 0, 0], [0, 0, 0, 0, 0, 0, 8, 0, 0, 0, 0, 0, 0, 0, 0, 0, 8, 0, 0, 0, 0, 0, 0, 0, 0, 0], [0, 0, 0, 0, 0, 0, 8, 8, 8, 8, 8, 0, 8, 8, 8, 8, 8, 0, 0, 0, 0, 0, 0, 0, 0, 0], [0, 0, 0, 0, 0, 0, 0, 0, 0, 0, 8, 8, 8, 0, 0, 0, 0, 0, 0, 0, 0, 0, 0, 0, 0, 0], [0, 0, 0, 0, 0, 0, 0, 0, 0, 0, 0, 0, 0, 0, 0, 0, 0, 0, 0, 0, 0, 0, 0, 0, 0, 0], [0, 0, 0, 0, 0, 0, 0, 0, 0, 0, 0, 0, 0, 0, 0, 0, 0, 0, 0, 0, 0, 0, 0, 0, 0, 0]]","[[0, 0, 0, 0, 0, 0, 0, 0, 0, 0, 0, 0, 0, 0, 0, 0, 0, 0, 0, 0, 0, 0, 0, 0, 0, 0], [0, 0, 0, 0, 0, 0, 0, 0, 0, 0, 0, 0, 0, 0, 0, 0, 0, 0, 0, 0, 8, 8, 8, 0, 0, 0], [0, 0, 0, 0, 0, 0, 0, 0, 0, 0, 0, 0, 0, 0, 0, 0, 0, 8, 8, 8, 8, 0, 8, 8, 8, 8], [0, 0, 0, 8, 8, 8, 8, 8, 8, 8, 8, 8, 0, 0, 0, 0, 0, 8, 0, 0, 0, 0, 0, 0, 0, 8], [0, 0, 0, 8, 0, 0, 0, 0, 0, 0, 0, 8, 0, 0, 0, 0, 0, 8, 0, 2, 0, 0, 0, 2, 0, 8], [0, 0, 8, 8, 0, 0, 2, 0, 2, 0, 0, 8, 8, 0, 0, 0, 0, 8, 0, 0, 2, 2, 2, 0, 0, 8], [0, 0, 8, 0, 0, 2, 2, 0, 2, 2, 0, 0, 8, 0, 0, 0, 0, 8, 0, 0, 0, 2, 0, 0, 0, 8], [0, 0, 8, 8, 0, 0, 2, 0, 2, 0, 0, 8, 8, 0, 0, 0, 0, 8, 0, 0, 0, 2, 0, 0, 0, 8], [0, 0, 0, 8, 0, 0, 0, 0, 0, 0, 0, 8, 0, 0, 0, 0, 0, 8, 0, 0, 2, 2, 2, 0, 0, 8], [0, 0, 0, 8, 8, 8, 8, 8, 8, 8, 8, 8, 0, 0, 0, 0, 0, 8, 0, 2, 0, 0, 0, 2, 0, 8], [0, 0, 0, 0, 0, 0, 0, 0, 0, 0, 0, 0, 0, 0, 0, 0, 0, 8, 0, 0, 0, 0, 0, 0, 0, 8], [0, 0, 0, 0, 0, 0, 0, 0, 0, 0, 0, 0, 0, 0, 0, 0, 0, 8, 8, 8, 8, 0, 8, 8, 8, 8], [0, 0, 0, 0, 0, 0, 0, 0, 0, 0, 0, 0, 0, 0, 0, 0, 0, 0, 0, 0, 8, 8, 8, 0, 0, 0], [0, 0, 0, 0, 0, 0, 0, 0, 0, 0, 0, 0, 0, 0, 0, 0, 0, 0, 0, 0, 0, 0, 0, 0, 0, 0], [0, 0, 0, 0, 0, 0, 0, 0, 0, 0, 8, 8, 8, 0, 0, 0, 0, 0, 0, 0, 0, 0, 0, 0, 0, 0], [0, 0, 0, 0, 0, 0, 8, 8, 8, 8, 8, 0, 8, 8, 8, 8, 8, 0, 0, 0, 0, 0, 0, 0, 0, 0], [0, 0, 0, 0, 0, 0, 8, 0, 0, 0, 0, 0, 0, 0, 0, 0, 8, 0, 0, 0, 0, 0, 0, 0, 0, 0], [0, 0, 0, 0, 0, 0, 8, 0, 0, 2, 0, 0, 0, 2, 0, 0, 8, 0, 0, 0, 0, 0, 0, 0, 0, 0], [0, 0, 0, 0, 0, 0, 8, 0, 0, 0, 2, 2, 2, 0, 0, 0, 8, 0, 0, 0, 0, 0, 0, 0, 0, 0], [0, 0, 0, 0, 0, 0, 8, 0, 0, 2, 0, 0, 0, 2, 0, 0, 8, 0, 0, 0, 0, 0, 0, 0, 0, 0], [0, 0, 0, 0, 0, 0, 8, 0, 0, 2, 0, 0, 0, 2, 0, 0, 8, 0, 0, 0, 0, 0, 0, 0, 0, 0], [0, 0, 0, 0, 0, 0, 8, 0, 0, 0, 2, 2, 2, 0, 0, 0, 8, 0, 0, 0, 0, 0, 0, 0, 0, 0], [0, 0, 0, 0, 0, 0, 8, 0, 0, 2, 0, 0, 0, 2, 0, 0, 8, 0, 0, 0, 0, 0, 0, 0, 0, 0], [0, 0, 0, 0, 0, 0, 8, 0, 0, 0, 0, 0, 0, 0, 0, 0, 8, 0, 0, 0, 0, 0, 0, 0, 0, 0], [0, 0, 0, 0, 0, 0, 8, 8, 8, 8, 8, 0, 8, 8, 8, 8, 8, 0, 0, 0, 0, 0, 0, 0, 0, 0], [0, 0, 0, 0, 0, 0, 0, 0, 0, 0, 8, 8, 8, 0, 0, 0, 0, 0, 0, 0, 0, 0, 0, 0, 0, 0], [0, 0, 0, 0, 0, 0, 0, 0, 0, 0, 0, 0, 0, 0, 0, 0, 0, 0, 0, 0, 0, 0, 0, 0, 0, 0], [0, 0, 0, 0, 0, 0, 0, 0, 0, 0, 0, 0, 0, 0, 0, 0, 0, 0, 0, 0, 0, 0, 0, 0, 0, 0]]"
bbb1b8b6,False,Unknown Type,"[[1, 1, 3, 3], [1, 3, 3, 1], [3, 3, 3, 1], [3, 1, 1, 1]]","[[1, 1, 0, 0, 5, 0, 0, 3, 3], [1, 0, 0, 1, 5, 0, 3, 3, 0], [0, 0, 0, 1, 5, 3, 3, 3, 0], [0, 1, 1, 1, 5, 3, 0, 0, 0]]"
2546ccf6,True,ms_d_2546ccf6,"[[0, 0, 0, 0, 0, 8, 0, 0, 0, 0, 0, 8, 0, 0, 0, 0, 0, 8, 0, 0, 0, 0, 0], [0, 0, 0, 0, 0, 8, 0, 0, 0, 0, 0, 8, 0, 0, 0, 0, 0, 8, 0, 0, 0, 0, 0], [0, 0, 2, 0, 0, 8, 0, 0, 2, 0, 0, 8, 0, 0, 0, 0, 0, 8, 0, 0, 0, 0, 0], [0, 0, 2, 2, 2, 8, 2, 2, 2, 0, 0, 8, 0, 0, 0, 0, 0, 8, 0, 0, 0, 0, 0], [0, 0, 0, 2, 0, 8, 0, 2, 0, 0, 0, 8, 0, 0, 0, 0, 0, 8, 0, 0, 0, 0, 0], [8, 8, 8, 8, 8, 8, 8, 8, 8, 8, 8, 8, 8, 8, 8, 8, 8, 8, 8, 8, 8, 8, 8], [0, 0, 0, 2, 0, 8, 0, 2, 0, 0, 0, 8, 0, 0, 0, 0, 0, 8, 0, 0, 0, 0, 0], [0, 0, 2, 2, 2, 8, 2, 2, 2, 0, 0, 8, 0, 0, 0, 0, 0, 8, 0, 0, 0, 0, 0], [0, 0, 2, 0, 0, 8, 0, 0, 2, 0, 0, 8, 0, 0, 1, 1, 0, 8, 0, 1, 1, 0, 0], [0, 0, 0, 0, 0, 8, 0, 0, 0, 0, 0, 8, 0, 0, 1, 0, 1, 8, 1, 0, 1, 0, 0], [0, 0, 0, 0, 0, 8, 0, 0, 0, 0, 0, 8, 0, 0, 0, 1, 0, 8, 0, 1, 0, 0, 0], [8, 8, 8, 8, 8, 8, 8, 8, 8, 8, 8, 8, 8, 8, 8, 8, 8, 8, 8, 8, 8, 8, 8], [0, 0, 0, 0, 0, 8, 0, 0, 0, 0, 0, 8, 0, 0, 0, 1, 0, 8, 0, 1, 0, 0, 0], [0, 0, 0, 0, 0, 8, 0, 0, 0, 0, 0, 8, 0, 0, 1, 0, 1, 8, 1, 0, 1, 0, 0], [0, 0, 0, 0, 0, 8, 0, 0, 0, 0, 0, 8, 0, 0, 1, 1, 0, 8, 0, 1, 1, 0, 0], [0, 0, 4, 4, 4, 8, 4, 4, 4, 0, 0, 8, 0, 0, 0, 0, 0, 8, 0, 0, 0, 0, 0], [0, 0, 0, 4, 0, 8, 0, 4, 0, 0, 0, 8, 0, 0, 0, 0, 0, 8, 0, 0, 0, 0, 0], [8, 8, 8, 8, 8, 8, 8, 8, 8, 8, 8, 8, 8, 8, 8, 8, 8, 8, 8, 8, 8, 8, 8], [0, 0, 0, 4, 0, 8, 0, 4, 0, 0, 0, 8, 0, 0, 0, 0, 0, 8, 0, 0, 0, 0, 0], [0, 0, 4, 4, 4, 8, 4, 4, 4, 0, 0, 8, 0, 0, 0, 0, 0, 8, 0, 0, 0, 0, 0], [0, 0, 0, 0, 0, 8, 0, 0, 0, 0, 0, 8, 0, 0, 0, 0, 0, 8, 0, 0, 0, 0, 0], [0, 0, 0, 0, 0, 8, 0, 0, 0, 0, 0, 8, 0, 0, 0, 0, 0, 8, 0, 0, 0, 0, 0], [0, 0, 0, 0, 0, 8, 0, 0, 0, 0, 0, 8, 0, 0, 0, 0, 0, 8, 0, 0, 0, 0, 0], [8, 8, 8, 8, 8, 8, 8, 8, 8, 8, 8, 8, 8, 8, 8, 8, 8, 8, 8, 8, 8, 8, 8], [0, 0, 0, 0, 0, 8, 0, 0, 0, 0, 0, 8, 0, 0, 0, 0, 0, 8, 0, 0, 0, 0, 0], [0, 0, 0, 0, 0, 8, 0, 0, 0, 0, 0, 8, 0, 0, 0, 0, 0, 8, 0, 0, 0, 0, 0]]","[[0, 0, 0, 0, 0, 8, 0, 0, 0, 0, 0, 8, 0, 0, 0, 0, 0, 8, 0, 0, 0, 0, 0], [0, 0, 0, 0, 0, 8, 0, 0, 0, 0, 0, 8, 0, 0, 0, 0, 0, 8, 0, 0, 0, 0, 0], [0, 0, 2, 0, 0, 8, 0, 0, 2, 0, 0, 8, 0, 0, 0, 0, 0, 8, 0, 0, 0, 0, 0], [0, 0, 2, 2, 2, 8, 2, 2, 2, 0, 0, 8, 0, 0, 0, 0, 0, 8, 0, 0, 0, 0, 0], [0, 0, 0, 2, 0, 8, 0, 2, 0, 0, 0, 8, 0, 0, 0, 0, 0, 8, 0, 0, 0, 0, 0], [8, 8, 8, 8, 8, 8, 8, 8, 8, 8, 8, 8, 8, 8, 8, 8, 8, 8, 8, 8, 8, 8, 8], [0, 0, 0, 2, 0, 8, 0, 2, 0, 0, 0, 8, 0, 0, 0, 0, 0, 8, 0, 0, 0, 0, 0], [0, 0, 2, 2, 2, 8, 2, 2, 2, 0, 0, 8, 0, 0, 0, 0, 0, 8, 0, 0, 0, 0, 0], [0, 0, 2, 0, 0, 8, 0, 0, 2, 0, 0, 8, 0, 0, 1, 1, 0, 8, 0, 1, 1, 0, 0], [0, 0, 0, 0, 0, 8, 0, 0, 0, 0, 0, 8, 0, 0, 1, 0, 1, 8, 1, 0, 1, 0, 0], [0, 0, 0, 0, 0, 8, 0, 0, 0, 0, 0, 8, 0, 0, 0, 1, 0, 8, 0, 1, 0, 0, 0], [8, 8, 8, 8, 8, 8, 8, 8, 8, 8, 8, 8, 8, 8, 8, 8, 8, 8, 8, 8, 8, 8, 8], [0, 0, 0, 0, 0, 8, 0, 0, 0, 0, 0, 8, 0, 0, 0, 1, 0, 8, 0, 1, 0, 0, 0], [0, 0, 0, 0, 0, 8, 0, 0, 0, 0, 0, 8, 0, 0, 1, 0, 1, 8, 1, 0, 1, 0, 0], [0, 0, 0, 0, 0, 8, 0, 0, 0, 0, 0, 8, 0, 0, 1, 1, 0, 8, 0, 1, 1, 0, 0], [0, 0, 4, 4, 4, 8, 4, 4, 4, 0, 0, 8, 0, 0, 0, 0, 0, 8, 0, 0, 0, 0, 0], [0, 0, 0, 4, 0, 8, 0, 4, 0, 0, 0, 8, 0, 0, 0, 0, 0, 8, 0, 0, 0, 0, 0], [8, 8, 8, 8, 8, 8, 8, 8, 8, 8, 8, 8, 8, 8, 8, 8, 8, 8, 8, 8, 8, 8, 8], [0, 0, 0, 4, 0, 8, 0, 4, 0, 0, 0, 8, 0, 0, 0, 0, 0, 8, 0, 0, 0, 0, 0], [0, 0, 4, 4, 4, 8, 4, 4, 4, 0, 0, 8, 0, 0, 0, 0, 0, 8, 0, 0, 0, 0, 0], [0, 0, 0, 0, 0, 8, 0, 0, 0, 0, 0, 8, 0, 0, 0, 0, 0, 8, 0, 0, 0, 0, 0], [0, 0, 0, 0, 0, 8, 0, 0, 0, 0, 0, 8, 0, 0, 0, 0, 0, 8, 0, 0, 0, 0, 0], [0, 0, 0, 0, 0, 8, 0, 0, 0, 0, 0, 8, 0, 0, 0, 0, 0, 8, 0, 0, 0, 0, 0], [8, 8, 8, 8, 8, 8, 8, 8, 8, 8, 8, 8, 8, 8, 8, 8, 8, 8, 8, 8, 8, 8, 8], [0, 0, 0, 0, 0, 8, 0, 0, 0, 0, 0, 8, 0, 0, 0, 0, 0, 8, 0, 0, 0, 0, 0], [0, 0, 0, 0, 0, 8, 0, 0, 0, 0, 0, 8, 0, 0, 0, 0, 0, 8, 0, 0, 0, 0, 0]]"
4b6b68e5,False,Unknown Type,"[[0, 0, 0, 0, 0, 0, 0, 0, 0, 0, 0, 0, 0, 0, 0, 0, 0, 0, 0, 0, 0, 0, 0, 0], [0, 0, 0, 2, 2, 2, 2, 2, 2, 2, 0, 0, 0, 0, 0, 0, 3, 3, 3, 3, 3, 3, 0, 0], [0, 0, 0, 2, 1, 1, 1, 1, 1, 2, 2, 2, 0, 0, 0, 0, 3, 8, 8, 8, 8, 3, 0, 0], [0, 0, 0, 2, 1, 1, 1, 1, 1, 1, 1, 2, 0, 0, 0, 0, 3, 8, 8, 8, 8, 3, 0, 0], [0, 0, 0, 2, 1, 1, 1, 1, 1, 1, 1, 2, 0, 0, 3, 3, 3, 8, 8, 8, 8, 3, 0, 0], [0, 2, 2, 2, 1, 1, 1, 1, 1, 1, 1, 2, 0, 0, 3, 8, 8, 8, 8, 8, 8, 3, 0, 0], [0, 2, 1, 1, 1, 1, 1, 1, 1, 1, 1, 2, 0, 0, 3, 8, 8, 8, 8, 8, 8, 3, 0, 0], [0, 2, 1, 1, 1, 1, 1, 2, 2, 2, 2, 2, 0, 0, 3, 8, 8, 8, 8, 8, 8, 3, 0, 0], [0, 2, 1, 1, 1, 1, 1, 2, 0, 0, 0, 0, 0, 0, 3, 8, 8, 8, 8, 8, 8, 3, 0, 0], [0, 2, 2, 2, 2, 2, 2, 2, 0, 0, 0, 0, 0, 0, 3, 8, 8, 8, 8, 8, 8, 3, 0, 0], [0, 0, 0, 0, 0, 0, 0, 0, 0, 0, 0, 0, 0, 0, 3, 3, 3, 3, 8, 8, 8, 3, 0, 0], [0, 0, 0, 0, 0, 0, 0, 0, 0, 0, 0, 0, 0, 0, 0, 0, 0, 3, 8, 8, 8, 3, 0, 0], [0, 0, 0, 0, 0, 0, 0, 0, 0, 0, 0, 0, 0, 0, 0, 0, 0, 3, 8, 8, 8, 3, 0, 0], [0, 0, 0, 0, 0, 0, 0, 8, 8, 8, 8, 8, 0, 0, 0, 0, 0, 3, 3, 3, 3, 3, 0, 0], [0, 0, 0, 0, 0, 0, 0, 8, 4, 4, 4, 8, 0, 0, 0, 0, 0, 0, 0, 0, 0, 0, 0, 0], [0, 0, 8, 8, 8, 8, 8, 8, 4, 4, 4, 8, 0, 0, 0, 0, 0, 0, 0, 0, 0, 0, 0, 0], [0, 0, 8, 4, 4, 4, 4, 4, 4, 4, 4, 8, 0, 0, 0, 0, 0, 0, 0, 0, 0, 0, 0, 0], [0, 0, 8, 4, 4, 4, 4, 4, 4, 4, 4, 8, 0, 0, 0, 0, 0, 0, 0, 0, 0, 0, 0, 0], [0, 0, 8, 4, 4, 4, 4, 4, 4, 4, 4, 8, 0, 0, 0, 7, 7, 7, 7, 7, 7, 7, 0, 0], [0, 0, 8, 4, 4, 4, 4, 4, 4, 4, 4, 8, 0, 0, 0, 7, 0, 0, 0, 0, 0, 7, 0, 0], [0, 0, 8, 4, 4, 4, 4, 4, 4, 4, 4, 8, 0, 0, 0, 7, 0, 0, 0, 0, 0, 7, 0, 0], [0, 0, 8, 4, 4, 8, 8, 8, 8, 4, 4, 8, 0, 0, 0, 7, 0, 0, 0, 0, 0, 7, 0, 0], [0, 0, 8, 8, 8, 8, 0, 0, 8, 8, 8, 8, 0, 0, 0, 7, 0, 0, 0, 0, 0, 0, 0, 0], [0, 0, 0, 0, 0, 0, 0, 0, 0, 0, 0, 0, 0, 0, 0, 7, 7, 7, 7, 7, 0, 0, 0, 0], [0, 0, 0, 0, 0, 0, 0, 0, 0, 0, 0, 0, 0, 0, 0, 0, 0, 0, 0, 0, 0, 0, 0, 0], [0, 0, 0, 0, 0, 0, 0, 0, 0, 0, 0, 0, 0, 0, 0, 0, 0, 0, 0, 0, 0, 0, 0, 0]]","[[0, 0, 0, 0, 0, 0, 0, 0, 0, 0, 0, 0, 0, 0, 0, 0, 0, 0, 0, 0, 0, 0, 0, 0], [0, 0, 0, 2, 2, 2, 2, 2, 2, 2, 0, 0, 0, 1, 0, 0, 3, 3, 3, 3, 3, 3, 0, 1], [0, 0, 0, 2, 0, 0, 0, 0, 0, 2, 2, 2, 0, 0, 0, 0, 3, 0, 0, 0, 0, 3, 0, 0], [0, 0, 0, 2, 0, 6, 3, 3, 8, 0, 0, 2, 0, 0, 0, 0, 3, 0, 0, 6, 0, 3, 0, 0], [0, 0, 0, 2, 0, 3, 1, 3, 0, 3, 3, 2, 0, 0, 3, 3, 3, 0, 0, 0, 0, 3, 0, 0], [0, 2, 2, 2, 3, 3, 3, 3, 0, 3, 1, 2, 0, 0, 3, 0, 0, 0, 0, 8, 0, 3, 0, 0], [0, 2, 0, 3, 1, 3, 6, 0, 0, 3, 3, 2, 0, 0, 3, 8, 0, 0, 0, 0, 0, 3, 0, 0], [0, 2, 0, 3, 3, 3, 0, 2, 2, 2, 2, 2, 0, 0, 3, 0, 0, 0, 8, 3, 3, 3, 0, 0], [0, 2, 0, 0, 0, 0, 0, 2, 0, 0, 0, 0, 0, 0, 3, 0, 0, 0, 3, 1, 3, 3, 0, 0], [0, 2, 2, 2, 2, 2, 2, 2, 0, 0, 0, 0, 0, 0, 3, 0, 0, 0, 3, 3, 3, 3, 0, 0], [0, 0, 0, 0, 0, 0, 0, 0, 0, 0, 0, 1, 0, 0, 3, 3, 3, 3, 0, 0, 0, 3, 0, 0], [0, 0, 0, 1, 0, 0, 0, 0, 0, 0, 0, 0, 0, 0, 0, 0, 0, 3, 0, 8, 0, 3, 0, 0], [0, 3, 0, 0, 0, 0, 0, 0, 0, 0, 0, 0, 0, 0, 0, 0, 0, 3, 0, 0, 0, 3, 0, 0], [0, 0, 0, 0, 0, 0, 0, 8, 8, 8, 8, 8, 0, 0, 0, 0, 0, 3, 3, 3, 3, 3, 0, 0], [0, 0, 0, 0, 0, 0, 0, 8, 0, 0, 0, 8, 0, 0, 1, 0, 0, 0, 0, 0, 0, 0, 0, 0], [0, 0, 8, 8, 8, 8, 8, 8, 0, 8, 0, 8, 0, 0, 0, 0, 3, 0, 0, 0, 0, 0, 0, 0], [0, 0, 8, 0, 0, 0, 0, 0, 0, 0, 0, 8, 0, 0, 0, 0, 0, 0, 0, 0, 0, 0, 0, 1], [0, 0, 8, 0, 4, 0, 0, 0, 0, 3, 0, 8, 0, 0, 0, 0, 0, 0, 0, 0, 0, 0, 0, 0], [0, 0, 8, 0, 0, 0, 4, 0, 0, 0, 0, 8, 0, 0, 0, 7, 7, 7, 7, 7, 7, 7, 0, 0], [0, 0, 8, 0, 3, 0, 0, 0, 0, 4, 0, 8, 0, 0, 0, 7, 0, 0, 0, 0, 0, 7, 0, 0], [0, 0, 8, 0, 0, 0, 0, 0, 0, 0, 0, 8, 0, 0, 0, 7, 0, 2, 0, 1, 0, 7, 0, 0], [0, 0, 8, 0, 0, 8, 8, 8, 8, 0, 0, 8, 0, 0, 0, 7, 0, 0, 0, 0, 0, 7, 0, 0], [0, 0, 8, 8, 8, 8, 0, 0, 8, 8, 8, 8, 0, 0, 0, 7, 0, 1, 0, 0, 0, 0, 0, 0], [0, 0, 0, 0, 0, 0, 0, 0, 0, 0, 0, 0, 0, 0, 0, 7, 7, 7, 7, 7, 0, 0, 0, 0], [0, 0, 0, 0, 0, 3, 0, 0, 0, 0, 0, 0, 0, 0, 0, 0, 0, 0, 0, 0, 0, 0, 0, 0], [0, 0, 0, 0, 0, 0, 0, 0, 0, 0, 1, 0, 0, 0, 0, 0, 0, 0, 0, 0, 3, 0, 0, 0]]"
bcb3040b,False,Unknown Type,"[[1, 1, 0, 1, 0, 1, 0, 1, 1, 1, 0, 1, 1, 1, 1, 1, 1, 2], [1, 1, 0, 0, 1, 0, 1, 0, 0, 0, 1, 0, 0, 0, 1, 0, 3, 1], [0, 1, 1, 0, 0, 0, 0, 1, 0, 0, 1, 1, 0, 1, 0, 2, 0, 0], [1, 1, 1, 0, 0, 0, 0, 1, 1, 0, 0, 0, 1, 0, 3, 0, 0, 1], [0, 1, 0, 1, 0, 0, 1, 0, 1, 0, 0, 0, 0, 2, 0, 1, 0, 0], [1, 1, 0, 1, 1, 0, 1, 1, 0, 0, 1, 1, 3, 0, 1, 0, 1, 1], [1, 0, 0, 0, 0, 0, 0, 0, 0, 1, 0, 2, 1, 1, 0, 1, 0, 1], [1, 1, 0, 0, 1, 1, 1, 1, 0, 0, 3, 0, 0, 1, 1, 1, 1, 1], [0, 0, 1, 1, 1, 1, 1, 0, 0, 2, 1, 0, 1, 1, 1, 1, 0, 0], [1, 1, 1, 0, 1, 0, 0, 0, 2, 1, 0, 1, 0, 0, 1, 1, 1, 0], [0, 0, 0, 0, 0, 1, 1, 2, 0, 0, 0, 0, 0, 1, 0, 1, 0, 0], [0, 0, 1, 1, 1, 0, 3, 1, 0, 0, 0, 1, 1, 0, 1, 1, 1, 1], [1, 1, 1, 1, 0, 3, 1, 0, 1, 1, 1, 1, 1, 0, 1, 0, 0, 1], [1, 1, 0, 0, 3, 0, 1, 0, 1, 1, 1, 1, 1, 1, 0, 0, 0, 0], [1, 0, 0, 3, 0, 0, 0, 1, 1, 0, 0, 1, 1, 0, 1, 0, 1, 0], [1, 1, 3, 1, 1, 1, 1, 0, 1, 0, 0, 1, 1, 1, 0, 1, 0, 0], [1, 3, 0, 0, 0, 1, 0, 1, 0, 0, 1, 0, 0, 1, 0, 1, 1, 1], [2, 0, 1, 1, 0, 0, 0, 0, 0, 1, 1, 1, 1, 0, 1, 0, 0, 0]]","[[1, 1, 2, 1, 2, 1, 2, 1, 1, 1, 2, 1, 1, 1, 1, 1, 1, 2], [1, 1, 2, 2, 1, 2, 1, 2, 2, 2, 1, 3, 3, 3, 1, 2, 1, 1], [2, 1, 1, 2, 2, 2, 2, 1, 2, 2, 1, 1, 3, 1, 2, 2, 2, 2], [1, 1, 1, 2, 2, 2, 2, 1, 1, 2, 2, 2, 1, 2, 1, 2, 2, 1], [2, 1, 2, 1, 2, 2, 1, 3, 1, 2, 2, 2, 2, 2, 2, 1, 2, 2], [1, 1, 2, 1, 1, 2, 1, 1, 2, 2, 1, 1, 1, 2, 1, 3, 1, 1], [1, 2, 2, 2, 2, 2, 2, 2, 2, 1, 3, 3, 1, 1, 3, 1, 3, 1], [1, 1, 2, 2, 1, 1, 1, 1, 2, 2, 1, 3, 3, 1, 1, 1, 1, 1], [2, 2, 1, 1, 1, 1, 1, 2, 2, 2, 1, 3, 1, 1, 1, 1, 2, 2], [1, 1, 1, 2, 1, 2, 2, 2, 2, 1, 2, 1, 2, 2, 1, 1, 1, 2], [2, 2, 2, 2, 2, 1, 1, 2, 2, 2, 2, 2, 2, 1, 3, 1, 2, 2], [2, 2, 1, 1, 1, 3, 1, 1, 2, 2, 2, 1, 1, 3, 1, 1, 1, 1], [1, 1, 1, 1, 3, 1, 1, 3, 1, 1, 1, 1, 1, 3, 1, 2, 2, 1], [1, 1, 3, 3, 1, 3, 1, 3, 1, 1, 1, 1, 1, 1, 2, 2, 2, 2], [1, 3, 3, 1, 3, 3, 3, 1, 1, 2, 2, 1, 1, 3, 1, 2, 1, 2], [1, 1, 1, 1, 1, 1, 1, 3, 1, 2, 2, 1, 1, 1, 3, 1, 2, 2], [1, 1, 2, 2, 2, 1, 2, 1, 2, 2, 1, 3, 3, 1, 3, 1, 1, 1], [2, 2, 1, 1, 2, 2, 2, 2, 2, 1, 1, 1, 1, 2, 1, 2, 2, 2]]"
992798f6,True,ms_d_992798f6,"[[0, 0, 0, 0, 0, 0, 0, 0, 0, 0, 0, 0, 0, 0, 0, 0], [0, 0, 0, 0, 1, 0, 0, 0, 0, 0, 0, 0, 0, 0, 0, 0], [0, 0, 0, 0, 0, 3, 0, 0, 0, 0, 0, 0, 0, 0, 0, 0], [0, 0, 0, 0, 0, 0, 3, 0, 0, 0, 0, 0, 0, 0, 0, 0], [0, 0, 0, 0, 0, 0, 0, 3, 0, 0, 0, 0, 0, 0, 0, 0], [0, 0, 0, 0, 0, 0, 0, 0, 3, 0, 0, 0, 0, 0, 0, 0], [0, 0, 0, 0, 0, 0, 0, 0, 0, 3, 0, 0, 0, 0, 0, 0], [0, 0, 0, 0, 0, 0, 0, 0, 0, 0, 3, 0, 0, 0, 0, 0], [0, 0, 0, 0, 0, 0, 0, 0, 0, 0, 0, 3, 0, 0, 0, 0], [0, 0, 0, 0, 0, 0, 0, 0, 0, 0, 0, 3, 0, 0, 0, 0], [0, 0, 0, 0, 0, 0, 0, 0, 0, 0, 0, 3, 0, 0, 0, 0], [0, 0, 0, 0, 0, 0, 0, 0, 0, 0, 0, 3, 0, 0, 0, 0], [0, 0, 0, 0, 0, 0, 0, 0, 0, 0, 0, 3, 0, 0, 0, 0], [0, 0, 0, 0, 0, 0, 0, 0, 0, 0, 0, 0, 2, 0, 0, 0], [0, 0, 0, 0, 0, 0, 0, 0, 0, 0, 0, 0, 0, 0, 0, 0], [0, 0, 0, 0, 0, 0, 0, 0, 0, 0, 0, 0, 0, 0, 0, 0]]","[[0, 0, 0, 0, 0, 0, 0, 0, 0, 0, 0, 0, 0, 0, 0, 0], [0, 0, 0, 0, 1, 0, 0, 0, 0, 0, 0, 0, 0, 0, 0, 0], [0, 0, 0, 0, 0, 3, 0, 0, 0, 0, 0, 0, 0, 0, 0, 0], [0, 0, 0, 0, 0, 0, 3, 0, 0, 0, 0, 0, 0, 0, 0, 0], [0, 0, 0, 0, 0, 0, 0, 3, 0, 0, 0, 0, 0, 0, 0, 0], [0, 0, 0, 0, 0, 0, 0, 0, 3, 0, 0, 0, 0, 0, 0, 0], [0, 0, 0, 0, 0, 0, 0, 0, 0, 3, 0, 0, 0, 0, 0, 0], [0, 0, 0, 0, 0, 0, 0, 0, 0, 0, 3, 0, 0, 0, 0, 0], [0, 0, 0, 0, 0, 0, 0, 0, 0, 0, 0, 3, 0, 0, 0, 0], [0, 0, 0, 0, 0, 0, 0, 0, 0, 0, 0, 3, 0, 0, 0, 0], [0, 0, 0, 0, 0, 0, 0, 0, 0, 0, 0, 3, 0, 0, 0, 0], [0, 0, 0, 0, 0, 0, 0, 0, 0, 0, 0, 3, 0, 0, 0, 0], [0, 0, 0, 0, 0, 0, 0, 0, 0, 0, 0, 3, 0, 0, 0, 0], [0, 0, 0, 0, 0, 0, 0, 0, 0, 0, 0, 0, 2, 0, 0, 0], [0, 0, 0, 0, 0, 0, 0, 0, 0, 0, 0, 0, 0, 0, 0, 0], [0, 0, 0, 0, 0, 0, 0, 0, 0, 0, 0, 0, 0, 0, 0, 0]]"
c48954c1,True,ms_d_c48954c1,"[[8, 8, 6, 6, 8, 8, 8, 8, 6], [6, 3, 6, 6, 3, 6, 6, 3, 6], [6, 8, 8, 8, 8, 6, 6, 8, 8], [6, 8, 8, 8, 8, 6, 6, 8, 8], [6, 3, 6, 6, 3, 6, 6, 3, 6], [8, 8, 6, 6, 8, 8, 8, 8, 6], [8, 8, 6, 6, 8, 8, 8, 8, 6], [6, 3, 6, 6, 3, 6, 6, 3, 6], [6, 8, 8, 8, 8, 6, 6, 8, 8]]","[[8, 8, 6, 6, 8, 8, 8, 8, 6], [6, 3, 6, 6, 3, 6, 6, 3, 6], [6, 8, 8, 8, 8, 6, 6, 8, 8], [6, 8, 8, 8, 8, 6, 6, 8, 8], [6, 3, 6, 6, 3, 6, 6, 3, 6], [8, 8, 6, 6, 8, 8, 8, 8, 6], [8, 8, 6, 6, 8, 8, 8, 8, 6], [6, 3, 6, 6, 3, 6, 6, 3, 6], [6, 8, 8, 8, 8, 6, 6, 8, 8]]"
67c52801,False,Unknown Type,"[[0, 0, 0, 0, 0, 0, 0, 0, 0, 0, 0], [0, 0, 0, 0, 0, 0, 0, 0, 0, 0, 0], [0, 0, 0, 0, 0, 0, 0, 0, 0, 0, 0], [0, 0, 0, 0, 0, 0, 0, 0, 0, 0, 0], [0, 6, 0, 1, 1, 0, 2, 2, 2, 2, 0], [5, 6, 5, 1, 1, 5, 2, 2, 2, 2, 5], [5, 5, 5, 5, 5, 5, 5, 5, 5, 5, 5]]","[[2, 2, 0, 6, 6, 0, 0, 0, 0, 0, 0], [2, 2, 0, 0, 0, 0, 0, 0, 0, 0, 0], [2, 2, 0, 0, 0, 0, 0, 1, 1, 0, 0], [2, 2, 0, 0, 0, 0, 0, 1, 1, 0, 0], [0, 0, 0, 0, 0, 0, 0, 0, 0, 0, 0], [5, 0, 5, 0, 0, 5, 0, 0, 0, 0, 5], [5, 5, 5, 5, 5, 5, 5, 5, 5, 5, 5]]"
31d5ba1a,False,Unknown Type,"[[0, 0, 6, 6, 6], [6, 0, 0, 6, 0], [6, 6, 0, 6, 6]]","[[9, 9, 0, 9, 0], [0, 0, 9, 0, 9], [0, 0, 0, 9, 9], [4, 4, 4, 0, 4], [4, 0, 4, 4, 4], [4, 4, 0, 0, 0]]"
195ba7dc,True,ms_d_195ba7dc,"[[1, 1, 1, 0, 0, 1], [1, 1, 0, 1, 0, 1], [1, 1, 1, 1, 0, 1], [1, 1, 1, 1, 0, 0], [0, 1, 1, 1, 1, 1]]","[[1, 1, 1, 0, 0, 1], [1, 1, 0, 1, 0, 1], [1, 1, 1, 1, 0, 1], [1, 1, 1, 1, 0, 0], [0, 1, 1, 1, 1, 1]]"
c1990cce,True,ms_d_c1990cce,"[[0, 0, 0, 0, 0, 0, 0, 0, 2, 0, 0, 0, 0, 0, 0, 0, 0], [0, 0, 0, 0, 0, 0, 0, 2, 0, 2, 0, 0, 0, 0, 0, 0, 0], [0, 0, 0, 0, 0, 0, 2, 0, 0, 0, 2, 0, 0, 0, 0, 0, 0], [0, 0, 0, 0, 0, 2, 0, 1, 0, 0, 0, 2, 0, 0, 0, 0, 0], [0, 0, 0, 0, 2, 0, 0, 0, 1, 0, 0, 0, 2, 0, 0, 0, 0], [0, 0, 0, 2, 0, 1, 0, 0, 0, 1, 0, 0, 0, 2, 0, 0, 0], [0, 0, 2, 0, 0, 0, 1, 0, 0, 0, 1, 0, 0, 0, 2, 0, 0], [0, 2, 0, 1, 0, 0, 0, 1, 0, 0, 0, 1, 0, 0, 0, 2, 0], [2, 0, 0, 0, 1, 0, 0, 0, 1, 0, 0, 0, 1, 0, 0, 0, 2], [0, 1, 0, 0, 0, 1, 0, 0, 0, 1, 0, 0, 0, 1, 0, 0, 0], [0, 0, 1, 0, 0, 0, 1, 0, 0, 0, 1, 0, 0, 0, 1, 0, 0], [0, 0, 0, 1, 0, 0, 0, 1, 0, 0, 0, 1, 0, 0, 0, 1, 0], [1, 0, 0, 0, 1, 0, 0, 0, 1, 0, 0, 0, 1, 0, 0, 0, 1], [0, 1, 0, 0, 0, 1, 0, 0, 0, 1, 0, 0, 0, 1, 0, 0, 0], [0, 0, 1, 0, 0, 0, 1, 0, 0, 0, 1, 0, 0, 0, 1, 0, 0], [0, 0, 0, 1, 0, 0, 0, 1, 0, 0, 0, 1, 0, 0, 0, 1, 0], [1, 0, 0, 0, 1, 0, 0, 0, 1, 0, 0, 0, 1, 0, 0, 0, 1]]","[[0, 0, 0, 0, 0, 0, 0, 0, 2, 0, 0, 0, 0, 0, 0, 0, 0], [0, 0, 0, 0, 0, 0, 0, 2, 0, 2, 0, 0, 0, 0, 0, 0, 0], [0, 0, 0, 0, 0, 0, 2, 0, 0, 0, 2, 0, 0, 0, 0, 0, 0], [0, 0, 0, 0, 0, 2, 0, 1, 0, 0, 0, 2, 0, 0, 0, 0, 0], [0, 0, 0, 0, 2, 0, 0, 0, 1, 0, 0, 0, 2, 0, 0, 0, 0], [0, 0, 0, 2, 0, 1, 0, 0, 0, 1, 0, 0, 0, 2, 0, 0, 0], [0, 0, 2, 0, 0, 0, 1, 0, 0, 0, 1, 0, 0, 0, 2, 0, 0], [0, 2, 0, 1, 0, 0, 0, 1, 0, 0, 0, 1, 0, 0, 0, 2, 0], [2, 0, 0, 0, 1, 0, 0, 0, 1, 0, 0, 0, 1, 0, 0, 0, 2], [0, 1, 0, 0, 0, 1, 0, 0, 0, 1, 0, 0, 0, 1, 0, 0, 0], [0, 0, 1, 0, 0, 0, 1, 0, 0, 0, 1, 0, 0, 0, 1, 0, 0], [0, 0, 0, 1, 0, 0, 0, 1, 0, 0, 0, 1, 0, 0, 0, 1, 0], [1, 0, 0, 0, 1, 0, 0, 0, 1, 0, 0, 0, 1, 0, 0, 0, 1], [0, 1, 0, 0, 0, 1, 0, 0, 0, 1, 0, 0, 0, 1, 0, 0, 0], [0, 0, 1, 0, 0, 0, 1, 0, 0, 0, 1, 0, 0, 0, 1, 0, 0], [0, 0, 0, 1, 0, 0, 0, 1, 0, 0, 0, 1, 0, 0, 0, 1, 0], [1, 0, 0, 0, 1, 0, 0, 0, 1, 0, 0, 0, 1, 0, 0, 0, 1]]"
e9b4f6fc,True,ms_d_e9b4f6fc,"[[1, 1, 2, 1, 1], [1, 2, 2, 2, 1], [1, 4, 4, 4, 1], [1, 6, 6, 6, 1], [1, 1, 6, 1, 1], [1, 1, 1, 1, 1]]","[[1, 1, 2, 1, 1], [1, 2, 2, 2, 1], [1, 4, 4, 4, 1], [1, 6, 6, 6, 1], [1, 1, 6, 1, 1], [1, 1, 1, 1, 1]]"
60a26a3e,False,Unknown Type,"[[0, 0, 0, 0, 0, 0, 0, 0, 0, 0, 0, 0, 0, 0, 0], [0, 0, 2, 0, 0, 0, 0, 0, 0, 0, 0, 0, 0, 0, 0], [0, 2, 0, 2, 0, 0, 0, 0, 0, 0, 0, 0, 0, 0, 0], [0, 0, 2, 0, 0, 0, 0, 2, 0, 0, 0, 0, 0, 0, 0], [0, 0, 1, 0, 0, 0, 2, 0, 2, 0, 0, 0, 0, 0, 0], [0, 0, 2, 0, 0, 0, 0, 2, 0, 0, 2, 0, 0, 0, 0], [0, 2, 0, 2, 1, 1, 1, 1, 1, 2, 0, 2, 0, 0, 0], [0, 0, 2, 0, 0, 0, 0, 0, 0, 0, 2, 0, 0, 0, 0], [0, 0, 0, 0, 0, 0, 0, 0, 0, 0, 0, 0, 0, 0, 0]]","[[0, 0, 0, 0, 0, 0, 0, 0, 0, 0, 0, 0, 0, 0, 0], [0, 0, 2, 0, 0, 0, 0, 0, 0, 0, 0, 0, 0, 0, 0], [0, 2, 0, 2, 0, 0, 0, 0, 0, 0, 0, 0, 0, 0, 0], [0, 0, 2, 0, 0, 0, 0, 2, 0, 0, 0, 0, 0, 0, 0], [0, 0, 0, 0, 0, 0, 2, 0, 2, 0, 0, 0, 0, 0, 0], [0, 0, 2, 0, 0, 0, 0, 2, 0, 0, 2, 0, 0, 0, 0], [0, 2, 0, 2, 0, 0, 0, 0, 0, 2, 0, 2, 0, 0, 0], [0, 0, 2, 0, 0, 0, 0, 0, 0, 0, 2, 0, 0, 0, 0], [0, 0, 0, 0, 0, 0, 0, 0, 0, 0, 0, 0, 0, 0, 0]]"
c8b7cc0f,True,ms_d_c8b7cc0f,"[[2, 2, 2], [2, 0, 0], [0, 0, 0]]","[[2, 2, 2], [2, 0, 0], [0, 0, 0]]"
81c0276b,True,ms_d_81c0276b,"[[4, 0, 0, 0], [3, 3, 0, 0], [6, 6, 6, 0], [2, 2, 2, 2]]","[[4, 0, 0, 0], [3, 3, 0, 0], [6, 6, 6, 0], [2, 2, 2, 2]]"
d931c21c,True,ms_d_d931c21c,"[[0, 0, 0, 0, 0, 0, 0, 0, 0, 0, 0, 0, 0, 0, 0, 0, 0, 0, 0, 0, 0, 0, 0, 0, 2, 2, 2, 2, 2, 2], [0, 0, 0, 0, 0, 0, 0, 0, 0, 0, 0, 0, 0, 0, 0, 0, 0, 0, 0, 0, 0, 0, 0, 0, 2, 1, 1, 1, 1, 1], [0, 0, 0, 0, 0, 0, 0, 0, 0, 0, 0, 0, 0, 0, 0, 0, 0, 0, 0, 0, 0, 0, 0, 0, 2, 1, 3, 3, 3, 1], [0, 0, 0, 0, 2, 2, 2, 2, 2, 2, 2, 0, 0, 0, 0, 0, 0, 2, 2, 2, 2, 2, 0, 2, 2, 1, 3, 0, 3, 1], [0, 0, 0, 0, 2, 1, 1, 1, 1, 1, 2, 2, 2, 0, 0, 0, 0, 2, 1, 1, 1, 2, 0, 2, 1, 1, 3, 0, 3, 1], [0, 0, 0, 0, 2, 1, 3, 3, 3, 1, 1, 1, 2, 0, 0, 0, 0, 2, 1, 3, 1, 2, 0, 2, 1, 3, 3, 3, 3, 1], [0, 0, 0, 0, 2, 1, 3, 0, 3, 3, 3, 1, 2, 0, 0, 0, 0, 2, 1, 3, 1, 2, 0, 2, 1, 1, 1, 1, 1, 1], [0, 0, 0, 0, 2, 1, 3, 3, 3, 3, 3, 1, 2, 0, 0, 0, 0, 2, 1, 1, 1, 2, 0, 2, 2, 2, 2, 2, 2, 2], [0, 0, 0, 0, 2, 1, 1, 1, 1, 3, 3, 1, 2, 0, 0, 0, 0, 2, 2, 2, 2, 2, 0, 0, 0, 0, 0, 0, 0, 0], [0, 0, 0, 0, 2, 2, 2, 2, 1, 3, 3, 1, 2, 0, 0, 0, 0, 0, 0, 0, 0, 0, 0, 0, 0, 0, 0, 0, 0, 0], [0, 0, 0, 0, 0, 0, 0, 2, 1, 1, 1, 1, 2, 0, 0, 0, 0, 0, 0, 0, 0, 0, 0, 0, 0, 0, 0, 0, 0, 0], [0, 0, 0, 0, 0, 0, 0, 2, 2, 2, 2, 2, 2, 0, 0, 0, 0, 0, 0, 0, 0, 1, 1, 1, 1, 1, 1, 0, 0, 0], [0, 0, 0, 0, 0, 0, 0, 0, 0, 0, 0, 0, 0, 0, 0, 0, 0, 0, 0, 0, 0, 1, 0, 0, 0, 0, 1, 0, 0, 0], [0, 0, 0, 0, 0, 0, 0, 0, 0, 0, 0, 0, 0, 0, 0, 0, 0, 0, 0, 0, 0, 1, 0, 0, 0, 0, 1, 0, 0, 0], [0, 0, 0, 0, 0, 0, 0, 0, 0, 0, 0, 0, 0, 0, 0, 0, 0, 0, 0, 0, 0, 1, 0, 0, 0, 0, 1, 0, 0, 0], [0, 0, 0, 0, 0, 0, 0, 0, 0, 0, 0, 0, 0, 0, 0, 0, 0, 0, 0, 0, 0, 1, 0, 0, 0, 0, 1, 0, 0, 0], [0, 0, 0, 0, 0, 0, 0, 0, 1, 1, 1, 1, 1, 1, 1, 1, 1, 0, 0, 0, 0, 1, 1, 1, 1, 0, 1, 0, 0, 0], [0, 0, 0, 0, 0, 0, 0, 0, 1, 0, 0, 0, 0, 0, 0, 0, 1, 0, 0, 0, 0, 0, 0, 0, 0, 0, 0, 0, 0, 0], [0, 0, 0, 0, 0, 0, 0, 0, 1, 0, 0, 0, 0, 0, 0, 0, 0, 0, 0, 0, 0, 0, 0, 0, 0, 0, 0, 0, 0, 0], [0, 0, 0, 0, 0, 0, 0, 0, 1, 0, 0, 0, 0, 0, 0, 0, 1, 0, 0, 0, 0, 0, 0, 0, 0, 0, 0, 0, 0, 0], [0, 0, 0, 0, 0, 0, 0, 0, 1, 0, 0, 0, 0, 0, 0, 0, 0, 0, 0, 0, 0, 0, 0, 0, 0, 0, 0, 0, 0, 0], [0, 0, 0, 0, 0, 0, 0, 0, 1, 1, 1, 1, 0, 0, 0, 0, 1, 0, 0, 0, 0, 2, 2, 2, 2, 2, 2, 2, 0, 0], [0, 0, 0, 0, 0, 0, 0, 0, 0, 0, 0, 1, 0, 0, 0, 0, 1, 0, 0, 0, 0, 2, 1, 1, 1, 1, 1, 2, 0, 0], [0, 0, 0, 0, 0, 0, 0, 0, 0, 0, 0, 1, 0, 0, 0, 0, 1, 0, 0, 0, 0, 2, 1, 3, 3, 3, 1, 2, 0, 0], [0, 0, 0, 0, 0, 0, 0, 0, 0, 0, 0, 1, 1, 1, 1, 1, 1, 0, 0, 0, 0, 2, 1, 1, 3, 3, 1, 2, 0, 0], [0, 0, 0, 0, 0, 0, 0, 0, 0, 0, 0, 0, 0, 0, 0, 0, 0, 0, 0, 0, 0, 2, 2, 1, 3, 3, 1, 2, 0, 0], [0, 0, 0, 0, 0, 0, 0, 0, 0, 0, 0, 0, 0, 0, 0, 0, 0, 0, 0, 0, 0, 0, 2, 1, 1, 1, 1, 2, 0, 0], [0, 0, 0, 0, 0, 0, 0, 0, 0, 0, 0, 0, 0, 0, 0, 0, 0, 0, 0, 0, 0, 0, 2, 2, 2, 2, 2, 2, 0, 0], [0, 0, 0, 0, 0, 0, 0, 0, 0, 0, 0, 0, 0, 0, 0, 0, 0, 0, 0, 0, 0, 0, 0, 0, 0, 0, 0, 0, 0, 0], [0, 0, 0, 0, 0, 0, 0, 0, 0, 0, 0, 0, 0, 0, 0, 0, 0, 0, 0, 0, 0, 0, 0, 0, 0, 0, 0, 0, 0, 0]]","[[0, 0, 0, 0, 0, 0, 0, 0, 0, 0, 0, 0, 0, 0, 0, 0, 0, 0, 0, 0, 0, 0, 0, 0, 2, 2, 2, 2, 2, 2], [0, 0, 0, 0, 0, 0, 0, 0, 0, 0, 0, 0, 0, 0, 0, 0, 0, 0, 0, 0, 0, 0, 0, 0, 2, 1, 1, 1, 1, 1], [0, 0, 0, 0, 0, 0, 0, 0, 0, 0, 0, 0, 0, 0, 0, 0, 0, 0, 0, 0, 0, 0, 0, 0, 2, 1, 3, 3, 3, 1], [0, 0, 0, 0, 2, 2, 2, 2, 2, 2, 2, 0, 0, 0, 0, 0, 0, 2, 2, 2, 2, 2, 0, 2, 2, 1, 3, 0, 3, 1], [0, 0, 0, 0, 2, 1, 1, 1, 1, 1, 2, 2, 2, 0, 0, 0, 0, 2, 1, 1, 1, 2, 0, 2, 1, 1, 3, 0, 3, 1], [0, 0, 0, 0, 2, 1, 3, 3, 3, 1, 1, 1, 2, 0, 0, 0, 0, 2, 1, 3, 1, 2, 0, 2, 1, 3, 3, 3, 3, 1], [0, 0, 0, 0, 2, 1, 3, 0, 3, 3, 3, 1, 2, 0, 0, 0, 0, 2, 1, 3, 1, 2, 0, 2, 1, 1, 1, 1, 1, 1], [0, 0, 0, 0, 2, 1, 3, 3, 3, 3, 3, 1, 2, 0, 0, 0, 0, 2, 1, 1, 1, 2, 0, 2, 2, 2, 2, 2, 2, 2], [0, 0, 0, 0, 2, 1, 1, 1, 1, 3, 3, 1, 2, 0, 0, 0, 0, 2, 2, 2, 2, 2, 0, 0, 0, 0, 0, 0, 0, 0], [0, 0, 0, 0, 2, 2, 2, 2, 1, 3, 3, 1, 2, 0, 0, 0, 0, 0, 0, 0, 0, 0, 0, 0, 0, 0, 0, 0, 0, 0], [0, 0, 0, 0, 0, 0, 0, 2, 1, 1, 1, 1, 2, 0, 0, 0, 0, 0, 0, 0, 0, 0, 0, 0, 0, 0, 0, 0, 0, 0], [0, 0, 0, 0, 0, 0, 0, 2, 2, 2, 2, 2, 2, 0, 0, 0, 0, 0, 0, 0, 0, 1, 1, 1, 1, 1, 1, 0, 0, 0], [0, 0, 0, 0, 0, 0, 0, 0, 0, 0, 0, 0, 0, 0, 0, 0, 0, 0, 0, 0, 0, 1, 0, 0, 0, 0, 1, 0, 0, 0], [0, 0, 0, 0, 0, 0, 0, 0, 0, 0, 0, 0, 0, 0, 0, 0, 0, 0, 0, 0, 0, 1, 0, 0, 0, 0, 1, 0, 0, 0], [0, 0, 0, 0, 0, 0, 0, 0, 0, 0, 0, 0, 0, 0, 0, 0, 0, 0, 0, 0, 0, 1, 0, 0, 0, 0, 1, 0, 0, 0], [0, 0, 0, 0, 0, 0, 0, 0, 0, 0, 0, 0, 0, 0, 0, 0, 0, 0, 0, 0, 0, 1, 0, 0, 0, 0, 1, 0, 0, 0], [0, 0, 0, 0, 0, 0, 0, 0, 1, 1, 1, 1, 1, 1, 1, 1, 1, 0, 0, 0, 0, 1, 1, 1, 1, 0, 1, 0, 0, 0], [0, 0, 0, 0, 0, 0, 0, 0, 1, 0, 0, 0, 0, 0, 0, 0, 1, 0, 0, 0, 0, 0, 0, 0, 0, 0, 0, 0, 0, 0], [0, 0, 0, 0, 0, 0, 0, 0, 1, 0, 0, 0, 0, 0, 0, 0, 0, 0, 0, 0, 0, 0, 0, 0, 0, 0, 0, 0, 0, 0], [0, 0, 0, 0, 0, 0, 0, 0, 1, 0, 0, 0, 0, 0, 0, 0, 1, 0, 0, 0, 0, 0, 0, 0, 0, 0, 0, 0, 0, 0], [0, 0, 0, 0, 0, 0, 0, 0, 1, 0, 0, 0, 0, 0, 0, 0, 0, 0, 0, 0, 0, 0, 0, 0, 0, 0, 0, 0, 0, 0], [0, 0, 0, 0, 0, 0, 0, 0, 1, 1, 1, 1, 0, 0, 0, 0, 1, 0, 0, 0, 0, 2, 2, 2, 2, 2, 2, 2, 0, 0], [0, 0, 0, 0, 0, 0, 0, 0, 0, 0, 0, 1, 0, 0, 0, 0, 1, 0, 0, 0, 0, 2, 1, 1, 1, 1, 1, 2, 0, 0], [0, 0, 0, 0, 0, 0, 0, 0, 0, 0, 0, 1, 0, 0, 0, 0, 1, 0, 0, 0, 0, 2, 1, 3, 3, 3, 1, 2, 0, 0], [0, 0, 0, 0, 0, 0, 0, 0, 0, 0, 0, 1, 1, 1, 1, 1, 1, 0, 0, 0, 0, 2, 1, 1, 3, 3, 1, 2, 0, 0], [0, 0, 0, 0, 0, 0, 0, 0, 0, 0, 0, 0, 0, 0, 0, 0, 0, 0, 0, 0, 0, 2, 2, 1, 3, 3, 1, 2, 0, 0], [0, 0, 0, 0, 0, 0, 0, 0, 0, 0, 0, 0, 0, 0, 0, 0, 0, 0, 0, 0, 0, 0, 2, 1, 1, 1, 1, 2, 0, 0], [0, 0, 0, 0, 0, 0, 0, 0, 0, 0, 0, 0, 0, 0, 0, 0, 0, 0, 0, 0, 0, 0, 2, 2, 2, 2, 2, 2, 0, 0], [0, 0, 0, 0, 0, 0, 0, 0, 0, 0, 0, 0, 0, 0, 0, 0, 0, 0, 0, 0, 0, 0, 0, 0, 0, 0, 0, 0, 0, 0], [0, 0, 0, 0, 0, 0, 0, 0, 0, 0, 0, 0, 0, 0, 0, 0, 0, 0, 0, 0, 0, 0, 0, 0, 0, 0, 0, 0, 0, 0]]"
